[{"@type":"mappingTemplate","id":"@1","name":"Mapping_RESTV2","description":"","bundleVersion":"0","assetFrsGuid":"3R56TefbwFqd1iBX8nqSMA","templateId":"@3","hasParameters":false,"valid":true,"fixedConnection":true,"hasParametersDeployed":false,"fixedConnectionDeployed":false,"isSchemaValidationEnabled":false,"tasks":0,"mappingPreviewFileRecordId":"@2","documentType":"MAPPING","references":[{"@type":"reference","refObjectId":"@g6q1GigqrIYibSzuA7a7w7","refType":"connection"},{"@type":"reference","refObjectId":"@8ksrhKQTaszcnUW18PSryX","refType":"connection"}]}]